threads,size,mean_duration,ci_duration
0,4096,25.22214246666667,1.5618991921399223
